<?xml version="1.0" encoding="UTF-8"?>
<project-private xmlns="http://www.netbeans.org/ns/project-private/1">
    <editor-bookmarks xmlns="http://www.netbeans.org/ns/editor-bookmarks/2" lastBookmarkId="0"/>
    <open-files xmlns="http://www.netbeans.org/ns/projectui-open-files/2">
        <group>
            <file>file:/C:/Users/a/Documents/NetBeansProjects/Aula04jsp/web/form.jsp</file>
            <file>file:/C:/Users/a/Documents/NetBeansProjects/Aula04jsp/web/tabuada.jsp</file>
            <file>file:/C:/Users/a/Documents/NetBeansProjects/Aula04jsp/web/WEB-INF/jspf/menu.jspf</file>
            <file>file:/C:/Users/a/Documents/NetBeansProjects/Aula04jsp/web/index.jsp</file>
            <file>file:/C:/Users/a/Documents/NetBeansProjects/Aula04jsp/web/random.jsp</file>
            <file>file:/C:/Users/a/Documents/NetBeansProjects/Aula04jsp/web/soma.jsp</file>
        </group>
    </open-files>
</project-private>
